metric,mean,ci_low,ci_high
precision,0.9715443955447772,0.9570552147239264,0.9843312561394891
recall,0.9798189788996666,0.9663414332091962,0.991623466049139
f1,0.975641588465245,0.9655514005249721,0.9844944242387809
pr_auc,0.9801658809871742,0.9690802352544632,0.9889792178824268
roc_auc,0.982379949045422,0.9727857250491656,0.9899754101389452
