model,status,threshold_used,test_threshold,test_accuracy,test_precision,test_recall,test_f1,test_pr_auc,test_roc_auc
RandomForest,ok,0.5,0.5,0.975485188968335,0.9715447154471545,0.9795081967213115,0.9755102040816327,0.9802148257458085,0.9824171146205469
LightGBM,ok,0.5,0.5,0.9744637385086823,0.9734151329243353,0.9754098360655737,0.9744114636642784,0.9763943033086139,0.9808291042035323
XGBoost,ok,0.45,0.45,0.9713993871297242,0.9655870445344129,0.9774590163934426,0.9714867617107943,0.9815861667980958,0.9836795933357817
LogisticRegression,ok,0.65,0.65,0.9468845760980592,0.9224806201550387,0.9754098360655737,0.9482071713147411,0.9772877125258383,0.9754891322493405
