feature_set,model,n_features,threshold_used,val_best_threshold,val_best_accuracy,val_best_precision,val_best_recall,val_best_f1,val_best_pr_auc,val_best_roc_auc,test_threshold,test_accuracy,test_precision,test_recall,test_f1,test_pr_auc,test_roc_auc
reduced_no_identifier_like_features,RandomForest,15,0.45,0.45,0.964634909460675,0.9452550230680724,0.9863975908326489,0.9653881559934853,0.9793630473547318,0.9868575060478757,0.45,0.9765066394279878,0.9754601226993865,0.9774590163934426,0.9764585465711362,0.9685983061695809,0.9782644986811793
full_with_identifier_like_features,RandomForest,17,0.5,0.5,0.9687590441550314,0.9478927661228242,0.9920528765301733,0.9694702001941554,0.9816468987374352,0.9886699608077418,0.5,0.975485188968335,0.9715447154471545,0.9795081967213115,0.9755102040816327,0.9802148257458085,0.9824171146205469
