scenario,model_family,n_train_rows,train_positive_rate,threshold_used,test_threshold,test_accuracy,test_precision,test_recall,test_f1,test_pr_auc,test_roc_auc,scenario_warning
Constructed TED 2023 real pair data only,RandomForest,2045518,0.5,0.5,0.5,0.975485188968335,0.9715447154471545,0.9795081967213115,0.9755102040816327,0.9815259401415295,0.9830097492571199,
Constructed TED 2023 + CTGAN synthetic pair data,RandomForest,2145518,0.5031549490612524,0.45,0.45,0.9734422880490297,0.9657258064516129,0.9815573770491803,0.9735772357723578,0.9823375722189465,0.9821875730359588,
Constructed TED 2023 + TVAE synthetic pair data,RandomForest,2145518,0.4978205729339022,0.4,0.4,0.9724208375893769,0.9637826961770624,0.9815573770491803,0.9725888324873097,0.9825631892154117,0.9826299622717105,
CTGAN synthetic pair data only,RandomForest,100000,0.56769,0.55,0.55,0.9662921348314607,0.9559118236472945,0.9774590163934426,0.9665653495440729,0.9869703303955776,0.9859791826650195,
TVAE synthetic pair data only,RandomForest,100000,0.45324,0.2,0.2,0.9295199182839632,0.8858195211786372,0.985655737704918,0.933074684772066,0.9750117266242455,0.9780433040633034,
